Lemma,Principle Components,WordNet Mean,WordNet SD,Random Mean,Random SD
thing.n,2,0.08515896552608883,0.010068765424260068,-1.0062352963204486e-05,0.005422303050124823
thing.n,3,0.035801587166091706,0.007682305846135173,-0.00025907575353871954,0.005233937924904997
meet.v,2,0.36023641277481716,0.02059286826155981,0.00015240392685478157,0.007969236312315225
meet.v,3,0.09337668655888705,0.02051840118197821,0.0001822730060531792,0.007423900673788506
lead.v,2,0.2505795090638492,0.02290756138914414,-0.00012384091020633674,0.009570099667492078
lead.v,3,0.04942120830855866,0.016973408021159035,0.0003822030833727077,0.009791038176815856
serve.v,2,0.40902154343223707,0.022433132967022897,0.0001468503212287982,0.007232931484384431
serve.v,3,0.20726869429963285,0.032071467546369685,-2.6558476179118108e-05,0.00734063925880784
give.v,2,0.08119329898078101,0.007491831058666903,8.445758585807796e-06,0.0020981229278910366
give.v,3,0.06388810417987663,0.005550685042230508,0.0001086354456671001,0.0021121257465893262
raise.v,2,0.5315435553396296,0.091015742461672,-1.749739136967865e-05,0.016668863024235384
raise.v,3,0.01187820456513984,0.01711527683997667,-0.0002278519498676106,0.010087615454477424
cover.v,2,0.11280782420405663,0.019184334709724877,0.00025415529474255127,0.014118908751952399
cover.v,3,0.054612702830545326,0.020870239687532228,-0.0003660158664036679,0.014045244415047353
play.v,2,0.537224910351554,0.03874347516044523,-0.0005395203385302236,0.007074043333917552
play.v,3,0.13215096123860087,0.02214919103811328,0.0001001839001771565,0.007127976303985541
grow.v,2,0.4080988914116925,0.036193012759203544,0.00029869820243043734,0.010238712293966149
grow.v,3,0.06368228134782877,0.023863519621778184,8.210147990307392e-05,0.010721286328301527
apply.v,2,0.45210187229454274,0.047627514761624544,-0.0004794975141586754,0.013731381190299609
apply.v,3,0.004405820801554848,0.015576270387743589,-2.0336827591958484e-05,0.014242694677516965
life.n,2,0.3021088464227241,0.040748247384027235,2.6386982434298184e-05,0.006738776043407649
life.n,3,0.09966306505856314,0.019928357092621685,0.00010876057418598941,0.006599964075733414
follow.v,2,0.2903840015266708,0.03929605004160078,4.880060693388874e-05,0.006532546549719781
follow.v,3,0.10164322897851646,0.018090429741696338,-0.00015554817513971177,0.006561230707260435
time.n,2,0.28359327476887575,0.06581153895923439,-0.0002209527745052804,0.002953887799860396
time.n,3,0.15212741303659869,0.03986321485269952,0.00016824346933452165,0.002777503553265165
find.v,2,0.08563937551387578,0.00709213804606813,7.67691788247603e-05,0.0021208599115383462
find.v,3,0.06532220175267354,0.007728917359659812,-2.4614389059551792e-05,0.002136693100111397
trouble.n,2,0.06362036677426004,0.036119445890705405,-0.00048198139388340634,0.029986094208955618
trouble.n,3,0.002394804201535922,0.021631335351878424,-0.00030237181606324113,0.02481990285030389
deny.v,2,0.2269258802604432,0.03920290209579565,6.926564469965741e-05,0.019649541034578662
deny.v,3,0.06877484990451027,0.03162347046113862,0.0003583365709701449,0.01969955626885606
discover.v,2,0.027417292192726136,0.010780050701747935,6.0882873544477866e-05,0.02349458264710418
discover.v,3,0.012412665442962134,0.022991495389851704,0.000725223733544607,0.023941190752164977
back.r,2,0.12830043420202017,0.04987095045567871,-0.0001232406396147408,0.008612287165043317
back.r,3,0.011234024828583723,0.009169737323554238,-0.00038023147036263624,0.008043051758999834
line.n,2,0.29495371074257515,0.09846095922636199,-0.001499327254587945,0.03109446752815709
line.n,3,-0.0005400159814909621,0.021342775570686777,-0.0013472852505206658,0.02808816774857269
make.v,2,0.14671791280371496,0.012187232129998926,3.538770050531016e-05,0.0010320053581029571
make.v,3,0.12643983413147789,0.009458458295156295,2.7040898585098686e-05,0.0010304288059874802
show.v,2,0.0806647406614785,0.0046165067757669076,0.00010144420156411737,0.0037437283613277737
show.v,3,0.03271470440372824,0.009412612833335,3.867745890445781e-05,0.0037973134431641613
feel.v,2,0.17628973303516757,0.03685794791590181,-3.496391635392032e-05,0.0035022052046542198
feel.v,3,0.09267655231874757,0.01969531649423082,2.2664847405267717e-05,0.003517909245169345
death.n,2,0.16026302698755346,0.012229322340391476,0.00017453326795359675,0.01371617316918491
death.n,3,0.10505615259149802,0.02291564928257068,-0.0003458878188154886,0.013209554142249141
accept.v,2,0.11897022223406432,0.038778440596589636,-0.0004801950371285133,0.015600520261802956
accept.v,3,0.04186901692177604,0.021778070687538485,-0.00017969776491685898,0.01512974089092896
reach.v,2,0.19275398619572906,0.017249505895214953,6.136102538955584e-05,0.006645263794459226
reach.v,3,0.10594698792548604,0.017983463698879758,-0.00017677596316335273,0.00673425346272159
wish.v,2,0.11200407873022696,4.163336342344337e-17,-0.0012091837266784667,0.022319307616482716
wish.v,3,0.00691548866063249,2.6020852139652106e-18,-0.00023103186543406524,0.008521574144682643
world.n,2,0.1551849041984113,0.02117656942410661,0.0002973477329535799,0.009867393737982759
world.n,3,0.04609900334108517,0.01450030354035768,0.00014807839061381893,0.010089999779490636
force.n,2,0.4049984704036502,0.015391068541559916,-0.0005194263409268684,0.01955952365632634
force.n,3,-0.026610406027287366,0.013147321548643853,0.00015505924867438377,0.011002328598092593
call.v,2,0.32745250030971057,0.05164283510831959,-0.0001482597041649806,0.006476952397194492
call.v,3,0.10513280735128262,0.02427157807744074,-0.00015967482652994914,0.0066332813646318095
write.v,2,0.06411816258739106,0.015182306319921061,-6.871612718558843e-05,0.005557775816704508
write.v,3,0.03307749047345878,0.010044330807047218,0.0001234574230384119,0.005861091358849448
system.n,2,0.2366007038104978,0.06223295308843296,0.0008235299431200853,0.019268398729111815
system.n,3,0.0009336272696083963,0.011762529528400933,-0.0001591200716685015,0.010614398609614559
set.v,2,0.29854691017771967,0.04101041956599799,-0.0007451248680395865,0.01935092849491844
set.v,3,0.021615476177655177,0.01412480693035889,-0.00020543823286203188,0.013438095349816059
history.n,2,0.10055387059645772,0.020037343936675483,6.382305006149919e-05,0.014142221133683705
history.n,3,0.005988705153853118,0.013566085424685211,-0.0006933920576772627,0.014013910663436392
move.v,2,0.10266578119952069,0.016449568703053648,-0.00034798338881494113,0.006337561968817321
move.v,3,0.04611952024924963,0.013718322564763753,0.00039042655144564564,0.0069207726247494
change.n,2,0.02121848500958474,0.012795335380587039,9.88876923292803e-05,0.013746249570619092
change.n,3,0.0002118785635232972,0.009684922196870204,-0.0002638220547459744,0.013375499785563764
end.n,2,0.33246428004151884,0.04764558532570647,0.00043943504850717875,0.012839492431405567
end.n,3,0.11297738338001992,0.0324508016111782,-0.0001219304646424975,0.012217249067797337
side.n,2,0.1443742174101651,0.06192941254736136,0.0004799700465309163,0.01216625954791024
side.n,3,0.05753490610618398,0.04013256707287016,1.3716210381154115e-05,0.011395174459818271
open.v,2,0.33475107760714284,0.05026956076198533,-0.0006648998389238662,0.009971874963622025
open.v,3,0.1952619372736861,0.05488609086365204,0.0001356652642707921,0.010452267638577166
represent.v,2,0.07952867010170232,0.01325374048413683,0.00041758874229396467,0.015727252445659402
represent.v,3,-0.0033530373316835744,0.013777815828909657,0.0003834652957232104,0.014791955463178871
receive.v,2,0.029255843267019913,0.01307085699183755,7.113636353080316e-05,0.007084708943125004
receive.v,3,0.003959655617568515,0.005078263684902862,-0.00048104739459052016,0.006928591570698497
section.n,2,0.7989545021709036,0.042783506816591495,0.0008663217254795653,0.016371782412062646
section.n,3,0.08464690324100857,0.044583593504062664,9.972515904173818e-05,0.016957369274365433
day.n,2,0.10536388982191008,0.021681732957977113,-1.5725130604978017e-05,0.004394222673726671
day.n,3,0.07774519488630045,0.025130494576407838,-5.524943722242269e-05,0.004270420760990899
place.n,2,0.16451527692672893,0.022364271075704902,0.00010542144674816325,0.011911527966108464
place.n,3,0.01627815582931835,0.011962295454798029,-0.000533262145977411,0.011931024921994625
hold.v,2,0.3583514848731868,0.06283067490317094,-0.00023478019713857163,0.0056051071295904874
hold.v,3,0.16908978482160217,0.02998215010949821,-1.2387290046998011e-05,0.005558672972699106
think_of.v,2,0.16306553095507045,0.022213677566376266,-0.00027407672523695637,0.010671570901647708
think_of.v,3,0.03595596654088626,0.013403130119141222,-0.0005589463138264735,0.010696105417146839
drive.v,2,0.13376283787743334,0.0315977522818522,0.0003967590779718241,0.013993501872492455
drive.v,3,0.017023788308563298,0.014455785665435487,-0.0006497483688184787,0.013093033176732737
bring.v,2,0.13292095319448083,0.018217212261171425,0.00012404980666232701,0.006252003994356917
bring.v,3,0.04397898416876666,0.01694461675644552,5.530566099032118e-05,0.006323475055742706
state.n,2,0.3019806641050508,0.015925053486601913,0.00019786728191924346,0.007706164628720573
state.n,3,0.09885095833592877,0.024361155056040133,1.9239337922929507e-05,0.007541697918734138
part.n,2,0.1562588265256564,0.013891914168568643,0.00021452775131311773,0.009521993686106784
part.n,3,0.043924143442162375,0.015420069477979064,0.0001506248105672529,0.00980137925727991
know.v,2,0.03386066768886356,0.009073997278151185,8.701897446719715e-06,0.001655972305779631
know.v,3,0.04114762955857256,0.00965462925028135,3.988826044252786e-05,0.0016359723889684064
suffer.v,2,0.11847770796089677,0.12153871193117333,-0.000864641391241185,0.03972068751768891
suffer.v,3,-0.0015005280150899073,0.003189630448310722,0.001242666403774364,0.02338320844166064
form.v,2,0.3097583970098425,0.10595382494742171,-2.9781377500686823e-05,0.018659565455337934
form.v,3,0.013175038303101419,0.01471001887386583,0.00045757393301796884,0.015516517168093658
avoid.v,2,0.06011901970134268,0.045990103375361746,0.0008355467096342868,0.02411154533035419
avoid.v,3,-0.0065864796988991505,0.005175756173378101,-0.0006171062406857525,0.013431336428016695
perform.v,2,0.135742633721127,0.04563095031643039,0.0006432310183838295,0.02359370368466089
perform.v,3,-0.002091664252759947,0.00596646469002137,0.0005617029124241215,0.01715860001849922
scene.n,2,1.0,0.0,1.0,0.0
scene.n,3,1.0,0.0,1.0,0.0
indicate.v,2,0.03681035998987405,0.006546110266999145,-0.00041527692791458915,0.007816296932369635
indicate.v,3,0.021948575972164427,0.011628642258098338,-0.0003069268122387252,0.007454080811146699
settle.v,2,1.0,0.0,1.0,0.0
settle.v,3,1.0,0.0,1.0,0.0
arrange.v,2,1.0,0.0,1.0,0.0
arrange.v,3,1.0,0.0,1.0,0.0
spirit.n,2,0.7962930192912924,0.055972594054415785,-0.001981106814801681,0.03403404241708281
spirit.n,3,0.02916194777799157,0.01658751020650288,0.0005239270874086735,0.01973879879178516
note.v,2,0.06595992794418187,0.024224699303350763,0.00028023942848531624,0.0142020100563067
note.v,3,0.014664247760842707,0.01378110286224333,0.0003959147791412706,0.014477640944004524
go.v,2,0.0848051263344267,0.04591938065317445,2.2900175474622975e-05,0.0033618498631313057
go.v,3,0.03482702339660898,0.012635597386773719,1.568096556811314e-05,0.003396777469849114
right.r,2,0.3134985236487897,0.07866943490886885,0.001548660044711518,0.03903300408611929
right.r,3,0.035693815648273876,0.04993451135735333,-0.0004949139068192826,0.036180744270810895
course.n,2,0.4777445710234011,0.34965101799327253,0.00015759098837395512,0.015828146892413974
course.n,3,-0.0803207028756087,0.03959188216085083,1.714244149955718e-06,0.011570210569656183
paint.v,2,0.15530289558327776,0.03607980133509203,-0.00038993270853662635,0.03737368073878091
paint.v,3,0.02844361405689316,0.04346898569314413,0.0020949130939590293,0.03674534938590265
together.r,2,0.0265939876130298,0.0363557638297047,-0.0006964992351002963,0.039605888576030666
together.r,3,-0.018480655227481206,0.008448260505914306,-0.002284973160403898,0.03791676148400098
expression.n,2,0.0031098999643669497,0.021691535758896017,-0.000585871589307305,0.057276168066569565
expression.n,3,0.0016513672497185895,0.007781727941408799,0.0010917602319828017,0.03876026519631601
direction.n,2,0.22169045931874656,0.062056546963968034,0.0008161419681821528,0.03605786863340346
direction.n,3,0.004239656696906195,0.014027700736080827,0.0005422175067101476,0.025129718258267097
corner.n,2,0.016620017905784535,0.051835369058339006,0.001473520782090133,0.04674893914143725
corner.n,3,-0.00880179740939916,0.04339627743472841,4.067310751868591e-05,0.04368690014872597
major.a,2,0.10405200717560197,0.012708276229200163,0.0004546835028243921,0.017996960044323013
major.a,3,-0.004306095414997622,0.008920513331635713,-0.00015763952149611913,0.011609805119611556
experience.n,2,0.1469912124691819,0.017405870045978086,-0.0004790951075298111,0.010691543335209828
experience.n,3,0.03423242915133254,0.02292396381407909,0.0005915364102329418,0.011749862111664938
stage.n,2,0.3977802936036792,0.012025722453213726,-0.0007928510352965068,0.02439271567496049
stage.n,3,0.0013044167008529311,0.016828897008574026,5.26565951442009e-05,0.01887630090482167
develop.v,2,0.23108257878146168,0.01508226841604979,0.00041453846635759934,0.009082793586407898
develop.v,3,0.05984538732907952,0.015224936159636208,-0.00029262938651767744,0.00861832388247418
refer.v,2,0.19091792201539065,0.047074656776096666,-0.0007557806408466765,0.027765923108275914
refer.v,3,-0.01931613775718936,0.004967962289123636,0.0005934837300761677,0.017886002832415447
rise.v,2,0.41992342890381223,0.08601003537980693,-0.0003785253280228476,0.02183327529436196
rise.v,3,0.01652667057060229,0.011155139737866526,0.0008030124296943532,0.017098774377752462
mark.v,2,0.4906163134689521,0.11507937050502734,-0.00032891261363599065,0.03743710717397347
mark.v,3,-0.002460922486531513,0.026259248629015946,0.0002634300829255729,0.036688155180981126
performance.n,2,0.2524213647393667,0.026240272476233565,-0.0012751044176246217,0.023594235191223487
performance.n,3,0.009336003653085644,0.03300666810770642,-8.061310060445797e-05,0.023817733372105226
fit.v,2,1.0,0.0,1.0,0.0
fit.v,3,1.0,0.0,1.0,0.0
strike.v,2,0.4347316450286697,0.06609116594518152,-0.0002185410982554069,0.03125394881859385
strike.v,3,-0.024082479236166694,0.003024842754934861,0.0009608581778682765,0.027024212045739394
start.v,2,0.10241630097265861,0.03118887580741693,-5.462957802666174e-06,0.005598285810857021
start.v,3,0.025252609091961108,0.009105009017816683,-8.85610948162188e-05,0.005615912890653783
space.n,2,-0.03565048420857566,0.011929550806516184,-4.316772344498282e-05,0.02564113651388958
space.n,3,0.05380205795871733,0.01131880996123875,0.0009643253822917472,0.03004286069243901
study.v,2,0.2954192168853624,0.0497677547846205,-0.0004273702078036013,0.013210987277445796
study.v,3,0.14970319143690772,0.06628055505093303,0.0005948205898826582,0.014510556730473781
break.v,2,-0.025156961916350487,0.014924719579880586,0.0008859916356604423,0.05218286930754317
break.v,3,-0.006651558579397671,0.030225315225647087,0.0001524960055501905,0.05699719639345415
get.v,2,0.1460130182984272,0.013131113176436024,1.319857600873551e-05,0.002293929089070887
get.v,3,0.1139753427487705,0.017097319392574906,-2.635861090027012e-05,0.0022035106448458825
fire.v,2,0.015694117246911297,0.030690833189522697,0.0001392937865569952,0.04331385778721541
fire.v,3,-0.004625276100254686,0.04101442236823603,0.0030927811556675433,0.04088384731412718
contribute.v,2,0.10102939680732746,0.029656384618907832,0.00035427758811581224,0.020578598725302318
contribute.v,3,0.023860824531609547,0.014501100189690596,0.0004560151443038065,0.014951499400554635
gain.v,2,-0.012087923928612635,0.023992299766034283,0.00011442200404696823,0.03723185898389598
gain.v,3,-0.011164959243501742,0.029493733691301108,0.002423731732072361,0.04011700728635038
sense.n,2,0.8640321500334897,0.0,0.0005085138154106966,0.025340031527641332
sense.n,3,-0.013107701841965646,0.013264785247145881,-1.0992984737826534e-05,0.009744300429205701
item.n,2,0.47093464318680417,0.12765048230973677,-0.0006838564749893085,0.02293805950700059
item.n,3,0.009398390000067224,0.013490687341738847,-0.00020214163909846022,0.015429204654166445
great.s,2,0.09359238998808238,1.3877787807814457e-17,-0.00044202023265746366,0.010246704774569907
great.s,3,0.013662980777360062,0.02217603735086954,0.00025276453121252253,0.011970731334029667
answer.n,2,-0.014207660959811866,0.009796899017993006,2.326510164524309e-05,0.0243548310097222
answer.n,3,-0.008248815922472176,0.010040582993013445,-0.00039512058116143945,0.015391425421887572
particular.s,2,0.0018984521930590068,0.0250862368513476,0.0014133385847088947,0.04270951160861564
particular.s,3,-0.0017688275733703262,0.04873542367009823,0.00047728249549372395,0.029277316319973316
plan.v,2,0.14407516599048292,0.022928513804803183,-0.0004814265943468335,0.01644845985122671
plan.v,3,-0.018564393374869426,0.0005712710092505797,0.00028265235755936367,0.0054339073429997
hit.v,2,-0.012425868398757478,0.0,-0.0003413116487398245,0.008293289457301194
hit.v,3,-0.008655857785433731,0.011233916361411704,-1.3636251549503652e-05,0.02351400121659238
produce.v,2,0.14505912835466478,0.003724848906287974,-0.0004154518485697184,0.01030166727056406
produce.v,3,0.013517442517603971,0.014401170310828474,0.00016394278927646223,0.010868393547693153
hope.v,2,0.042169581683946404,0.01709668783775184,0.00044332729102459687,0.012480065888201332
hope.v,3,0.03859650147412855,0.02433882817720197,-0.000178610812620021,0.012147037242369185
deal.v,2,0.02906009099335565,0.029471949988580885,-0.0001301505079523642,0.019761529391317898
deal.v,3,0.0034638066684109705,0.04048817425158694,-0.0008471319916198193,0.023854607149370564
sound.n,2,-0.021777777777777778,0.0046227280379091806,0.0019300532990003557,0.04395332405814593
sound.n,3,0.007860317460317462,0.030232061890277453,-0.0012922981312131429,0.03689771109113908
game.n,2,0.048133452959654745,0.02230262691053983,3.2580545196793984e-05,0.018521858450770486
game.n,3,0.008114593084585163,0.0027445845502783862,9.628584390880704e-05,0.008426514315655774
watch.v,2,0.034275113339466215,0.01840158068684467,0.0005343526127348628,0.009744601804127763
watch.v,3,0.0052378912088875676,0.014088567744889617,0.00042918807706755026,0.009363535733520946
hang.v,2,0.35604246304472703,0.04234759486358619,-0.0005547002236055965,0.027460928622959437
hang.v,3,-0.04424857809793974,0.024652682009884082,0.0015659084379527632,0.02746239202780023
party.n,2,0.463309820523882,0.16176186326171127,0.0003449982249570762,0.026383122227824594
party.n,3,0.007348137159278798,0.015592835762941638,7.802122656668844e-05,0.017464155207073485
speak.v,2,0.07250043527104527,0.021366061479912022,0.000302651247264336,0.009516794989170466
speak.v,3,0.022348373690420763,0.012670342825645602,0.0003262303849072066,0.009816769249759506
hard.a,2,0.4020084184236722,0.15762833870487536,-0.0006368772936049414,0.021669809658597373
hard.a,3,0.048033546974082075,0.04244523319439397,0.0010336782129769814,0.021214559515517633
heart.n,2,0.7089638395269541,0.03153664062622254,-0.0004013587366988759,0.026755479825811654
heart.n,3,-0.007782091571340017,0.0050094857438672735,0.0007527739332507385,0.023683728707658367
change.v,2,0.153381490786551,0.006610197901208743,-0.0010376525294904847,0.011330838520548552
change.v,3,0.06715325635360536,0.03635663154368335,0.00011281832921969308,0.012518115388264158
love.v,2,0.22369240899227558,0.014174577284180435,0.00012581367468110006,0.017817718037986416
love.v,3,0.03299822389509032,0.031806230872329096,0.0002825184934916349,0.017904661965504946
express.v,2,0.0310549816946112,0.002562459987580174,0.00010901315916558041,0.015292289022821858
express.v,3,-0.001121721720827317,0.011215192863606276,-0.0007361573823456573,0.015004849755937778
need.v,2,-0.0014462133979152969,0.001983367991195657,-0.0003350803419506788,0.006356023925793817
need.v,3,0.0003237005211772835,0.005409936258152571,0.00015165385661653041,0.006998570159521476
wait.v,2,0.12623275860348265,0.014499942014065664,7.039199325028249e-05,0.009057889769495517
wait.v,3,0.006026405369673354,0.009578759495250385,0.00013559193292231526,0.009059990796524288
declare.v,2,0.04588301444112043,0.002023910019654981,0.0008946717379139317,0.03433807065414174
declare.v,3,0.09142860430847047,0.10553258990309271,7.475334680523842e-05,0.033700489959400434
light.n,2,0.682628888772074,2.220446049250313e-16,-0.0003911537878867284,0.018839483940491168
light.n,3,-0.015244618764643938,0.011874702356384359,-0.0009601797593319959,0.015076107031056813
point.n,2,0.4192634605395604,0.09405927009259091,2.8940878709592943e-05,0.011984445713383876
point.n,3,0.09944859249004345,0.027851984431109835,0.0002895263484653005,0.011906121941610658
reveal.v,2,0.008602723286227281,0.018172287309681512,0.0011003955536136787,0.030530595199320075
reveal.v,3,-0.030664485616924253,0.022701634813247957,0.0011866665378708532,0.02015214913298539
far.r,2,0.4630051595110557,0.12099502774567802,-0.0002536470099161242,0.013424576893350566
far.r,3,0.10400769130345092,0.05996742123944999,-3.1848644705905175e-05,0.01347811269964594
maintain.v,2,0.0587004922434529,0.006516048634697999,9.737711833868178e-06,0.015301821528753186
maintain.v,3,-0.005646402435733563,0.005947257943546775,-1.4082319599821382e-06,0.006526240797604506
human.a,2,0.15373730053032972,0.03915791957525383,-0.00016592448013460055,0.017142393333071534
human.a,3,-0.01118780813970459,0.009447602899649911,0.0002883890112377314,0.017349212391180723
put.v,2,0.1362836065112201,0.032978688557947874,4.922526502502761e-05,0.005727839785066998
put.v,3,0.08628361055988111,0.030963702737220246,-0.00029069899386302415,0.005253748644858588
consider.v,2,0.33355627986652625,0.01925317881848215,-4.933013952805647e-06,0.0061439751469572765
consider.v,3,0.1068637337859865,0.024138057802882938,-0.0001227757204300498,0.0060054100411262214
position.n,2,0.5423082426499328,0.07286574390628345,0.00013894627683873052,0.021332485324827913
position.n,3,0.003687937533129903,0.012861159796141957,0.00018006563822243836,0.012886108787662501
drop.v,2,0.282216417698825,1.1102230246251565e-16,-8.66617930557132e-05,0.021482682344478855
drop.v,3,0.017413085164852862,0.016524758093257794,-0.0005726520657094723,0.010809419591252662
play.n,2,1.0,0.0,1.0,0.0
play.n,3,1.0,0.0,1.0,0.0
field.n,2,0.7233976559508926,0.03480596383486101,0.0002967443532887658,0.021111303300367507
field.n,3,-0.0029437643084698636,0.013701814131711735,0.0004937729328220426,0.011992917442290182
recognize.v,2,0.21267048864557977,0.0381954577366778,4.299970558544951e-05,0.014094760524437219
recognize.v,3,-0.004591795052901455,0.0074420780335614735,-0.00022053461339576963,0.00883194188707967
close.v,2,0.20057818626517734,0.04933913048674055,-9.70871016312111e-05,0.017683506154847074
close.v,3,0.011140780657965256,0.019634489387763375,-0.0008044849306389786,0.011122337000036524
involve.v,2,0.05674500530648912,0.023882754010092377,-0.00017094937289659456,0.013852606021125943
involve.v,3,0.026906985920313573,0.02535360122802734,9.024529278238075e-05,0.013651326837993761
value.n,2,0.5992564422435867,0.10286506328084462,4.134818745752206e-05,0.010608824410382764
value.n,3,0.13359373130421115,0.04109425775565357,0.0005656254999092798,0.011450172244834144
prepare.v,2,0.05101921623531646,0.01005948146042546,0.0009217930502423814,0.02506490328750587
prepare.v,3,-0.018227377879975346,0.026486659867772613,0.0007985077242110096,0.015570602097571318
remain.v,2,0.09683069273915451,0.028086179641821946,-6.762055024673003e-06,0.007602366704431884
remain.v,3,0.03348049491256285,0.01775957522282811,8.493820828700345e-05,0.007917545679646178
support.v,2,0.1080383572007314,0.018938716019512164,0.00014981346973787267,0.021100406877848296
support.v,3,0.01764732032164052,0.004757184608951502,-7.03128288234156e-08,0.0103244915464882
report.v,2,0.0572724869562995,0.0017634272992333307,-0.0002102223532967293,0.010898341659956234
report.v,3,-0.003555756502808971,0.005898731761100263,-0.00014214422299243005,0.010857141409293303
quality.n,2,0.06166095303221471,0.008939376584708291,-0.0006884095712386172,0.02155161614609783
quality.n,3,-0.05060978240043211,0.02257568309679783,0.0009684736400842066,0.015695097327666732
keep.v,2,0.11744346424936537,0.00884681597247737,7.940011098715407e-05,0.005048818219658421
keep.v,3,0.028238552460409554,0.012930505176265851,0.00017707661183159325,0.005323753767835815
end.v,2,0.24097926744931936,0.005082138951733386,-3.072155705085033e-05,0.017834611653546408
end.v,3,0.013532688934653123,0.017444640769228217,-0.0002512035280822591,0.007894753019565942
remember.v,2,0.20244939660136918,0.0007265733587218436,0.0001454327890949119,0.008686591293193371
remember.v,3,0.032497967510872194,0.02287713215009892,6.223562545906907e-05,0.00863731948030358
well.r,2,0.3244147784990234,0.03781433419792909,0.00025834890243545415,0.012488402283039317
well.r,3,0.025934420576929348,0.022853911007114064,6.943165764999679e-05,0.012567224126536129
present.v,2,0.038647841632618696,0.010497641078623004,-0.0005214313990789084,0.014766877346605294
present.v,3,0.001508786274141921,0.015971050845574514,-0.0005376115538376799,0.01304008785318289
result.n,2,0.028823153071902786,0.015917812597677525,-0.00025924222238033596,0.010460318469859738
result.n,3,0.007746035371823074,0.01358272532789249,0.0002514588061230875,0.011083453374364912
source.n,2,0.07747411639274963,0.025057302336619038,0.0009944388439213588,0.02414088708781673
source.n,3,-0.014535660859557086,0.013072989704185687,0.0002515927396489339,0.012083344704184302
stand.v,2,0.14628143316553144,0.002884404457345844,7.623207239165907e-05,0.006699706740919278
stand.v,3,0.023843011090206662,0.016548958415746516,0.00023703765047651442,0.007013382153152646
begin.v,2,0.02891096037601094,0.0004818613337355704,5.8361608101738756e-05,0.003985605720318927
begin.v,3,0.039036268314223105,0.02123455582093308,0.0001407093699037914,0.003995919268288006
send.v,2,0.0806109334353306,0.024558026862492147,0.00023373812865349795,0.011479740174101638
send.v,3,0.032171791659741274,0.019389037062096992,7.60467858897205e-05,0.011580286987954621
treat.v,2,0.4909212293014182,0.09364609981590173,-0.0007079116598690572,0.020240493444890408
treat.v,3,0.019397887217595007,0.02077309420382142,0.0005262043989956465,0.015227616098486704
suggest.v,2,0.12128036392831135,0.0234283582154718,-0.0005453413507865024,0.011140595857710175
suggest.v,3,0.042813454286704716,0.01827362542003204,1.2409244970838007e-05,0.012109554542652758
stay.v,2,-0.00031913234303472516,0.0027545010537887993,-0.0009047216462122254,0.010740358213017661
stay.v,3,0.016454599613173724,0.013421464397005846,0.00018622835404528878,0.013212058645910262
range.n,2,1.0,0.0,1.0,0.0
range.n,3,1.0,0.0,1.0,0.0
case.n,2,0.2531122335329027,0.026433031216365827,0.0001413783664199457,0.011518294854610832
case.n,3,0.060231393680234106,0.024474409845018683,5.2157267138729925e-06,0.011189923265736696
look.v,2,0.48564974060223565,0.10721294701134247,-0.000174192939878987,0.003755341820000682
look.v,3,0.333118458536079,0.04376856731148847,-0.00013956660644582928,0.003905239107682068
surface.n,2,0.037478607638812805,0.03224868536458032,0.00024018180127913724,0.010417751374836028
surface.n,3,0.020485708168047977,0.01771968257703502,0.00015801019576353414,0.010320903067888456
man.n,2,0.02371889755436609,0.03149254928793176,-7.88494109039509e-05,0.0024690237262524825
man.n,3,0.04191725268576597,0.014128961223538771,-6.939667245986798e-05,0.002258766359763118
determine.v,2,0.07598721207798562,0.06334319950213374,-0.00028412250905896186,0.00868752991425545
determine.v,3,0.027656114625363267,0.018059726603289927,-0.00013528442297306437,0.00919134228460408
ask.v,2,0.22308057022554725,0.049524451427247464,-7.306374349394073e-05,0.0034338930006863255
ask.v,3,0.18642289796120973,0.04627547704658994,-6.97627319648617e-05,0.003458085818057202
live.v,2,0.16190551415091395,0.03532083669830782,0.00014645910116164673,0.0063854144193271735
live.v,3,0.07880648046162285,0.020540857115367055,3.5605262666753984e-05,0.006171711676780854
continue.v,2,0.013244235842670336,0.0002841630932360998,0.0002462839558829543,0.008035545920553678
continue.v,3,0.009166945823528576,0.009449216641535182,0.000222168059948266,0.007557743482887278
occur.v,2,0.8355352727594095,0.15613126315852424,-0.0001094755669147794,0.013082401968471963
occur.v,3,0.05690685111958119,0.016926721992045826,-0.00024511038244441787,0.005433718457700573
choose.v,2,0.12516001640621352,0.021410834211233177,-0.00011682155958661416,0.012816208312010925
choose.v,3,0.03482961727581011,0.027686072445267915,0.0006655785999902897,0.013435256406658066
interest.n,2,0.5076907435384558,0.033715978517966455,-0.0007077317224408,0.01062271442857467
interest.n,3,0.08588608247809029,0.028741090285027658,-0.000243318917859071,0.011315769278860079
assume.v,2,0.49132789741207855,0.4026757043982556,5.5600062128842e-05,0.01672793603342153
assume.v,3,-0.01964716318506467,0.0037672458298403113,-0.00021752945889173182,0.005575820449913803
area.n,2,0.24792893712755903,0.015406052979778899,3.9559764193979884e-05,0.007964102714206698
area.n,3,0.02737312304213344,0.02236959652900711,0.00020237807611415897,0.00794242123391688
control.n,2,-0.012930587279363213,0.025722949080933703,0.0005372555521676289,0.054299439611445
control.n,3,-0.0032328455707510495,0.021852988768035254,-0.00011424901386959807,0.05360990077946421
secretary.n,2,-0.028517528000144884,0.01125159858917929,9.455324512542868e-05,0.05167074154930405
secretary.n,3,0.003371619171830637,0.019454488140481185,-0.0007295681229042688,0.041983151479806594
matter.n,2,0.0037735849056603366,8.673617379884035e-19,0.0003464841945636601,0.026069165910941442
matter.n,3,0.0030762401196337183,0.0031714315488530257,0.00029831422124148443,0.018359464480510596
note.n,2,-0.017531424462368817,0.022386325140676108,0.0013476290858249603,0.05540020224577977
note.n,3,-0.0014530618077022268,0.008845475540697463,0.000628399428312746,0.037447830671069625
property.n,2,0.7299703264094953,2.220446049250313e-16,-0.0007347850299414286,0.025243602781470496
property.n,3,-0.005318442455101248,0.0008316906907414962,0.0002193607949577164,0.012026464106485966
notion.n,2,0.0016747402538521477,0.0388053998523254,-0.0023079305703434983,0.048658356984688005
notion.n,3,-0.00045419847328243945,0.005796249860125074,-0.0004265499435283391,0.030205579948407453
scientific.a,2,-0.026615691080802004,0.01740641996782028,0.0012894831179874689,0.06392067246158374
scientific.a,3,-0.03180458220024871,0.014477300852534992,0.0015631710486798203,0.06430342457688298
standard.n,2,0.05515336380466711,0.05315767025725793,0.00013028545995581741,0.06641838013115678
standard.n,3,-0.0073194264146843645,0.04522623880468573,-2.890120032788879e-06,0.0629532624571967
at_least.r,2,0.2020449903135145,0.02708920701135721,0.0005268110889095911,0.012667425459003349
at_least.r,3,0.3802752829588042,0.12833757562918513,-0.00010823936822692815,0.011596088900866577
extend.v,2,0.2220414817293005,0.09535363585968205,-0.0004975108868165363,0.028773241071612672
extend.v,3,-0.0025287426111925025,0.014223200043448667,-0.000212128689400433,0.024468250524408475
labor.n,2,0.17271518104742697,0.10599398579901237,-3.942711987176112e-05,0.035784944527096595
labor.n,3,-0.001293112860711474,0.003567796669044135,-0.0004688340194794979,0.023581513466504604
various.s,2,0.05000619064305199,0.04090890062485471,-0.0010552668770551273,0.01822138492011333
various.s,3,0.004393767137722726,0.021562556398051737,-0.00055657017206258,0.019872121396407063
fear.v,2,0.062494015703168274,0.08341937927024917,-0.0009679924815598024,0.03745097675913445
fear.v,3,-0.007917326380018661,0.0038535563573712773,0.0007906261281023258,0.028113781004943536
culture.n,2,-0.025456533265526687,0.009615027532258838,0.0002859300774604654,0.04879913202385998
culture.n,3,0.051495946939730634,0.07689925135765441,7.4090234484764925e-06,0.04949301881757503
bond.n,2,0.0011093306552161506,0.040532027297990124,0.0031639132840492463,0.05311103917850352
bond.n,3,-0.010233424000879296,0.005770919932447943,-0.00015899472534837544,0.03235947965084362
match.v,2,-0.022382813829491668,0.019042356662842593,4.0735599522291446e-05,0.05345597554753671
match.v,3,0.01429300558872892,0.03702436397215133,-0.000635423384571861,0.04967463005924736
trade.n,2,-0.030930897043148713,0.0038418930018522257,-0.0011914203369154806,0.045006801650807005
trade.n,3,-0.007353943104832623,0.008205931305271898,0.0013032313779278324,0.03950745433474292
get_up.v,2,1.0,0.0,1.0,0.0
get_up.v,3,1.0,0.0,1.0,0.0
commit.v,2,0.032762514936353584,0.08287593663724313,-0.0005151434551694838,0.06221616530594656
commit.v,3,0.00830455862795924,0.053138967819229666,0.001688542641576528,0.05223598579577352
burn.v,2,1.0,0.0,1.0,0.0
burn.v,3,1.0,0.0,1.0,0.0
search.v,2,1.0,0.0,1.0,0.0
search.v,3,1.0,0.0,1.0,0.0
frequency.n,2,-0.03669529170977126,0.012974693758202977,-0.0023164135578132715,0.059918967728254814
frequency.n,3,-0.0025302360364023507,0.02784691885026211,0.002832739970407643,0.054643911749081515
duty.n,2,0.03195234699444088,0.07304531866097343,0.0003520470794156267,0.0606682969039
duty.n,3,-0.0025577434978100505,0.008734338848218424,-0.0007033651508540355,0.03817044375541354
professional.a,2,-0.01019593054754746,0.04070709470137871,0.0012529752891774302,0.06552386472289497
professional.a,3,-0.0105656349096211,0.016932740758666215,-0.0026986050461940587,0.05564301759515024
dry.v,2,-0.010042907035335271,0.044228167997635175,0.0006454926472871883,0.06410287093014437
dry.v,3,0.007800149546057534,0.05111318040040196,-0.0013614439726360712,0.05663596614089429
account.n,2,1.0,0.0,1.0,0.0
account.n,3,1.0,0.0,1.0,0.0
operation.n,2,0.01422402709256023,0.06739124517273094,-0.0010642198571277025,0.06702665469111124
operation.n,3,-0.022776078288677382,0.031842565239103005,0.0029180570605618896,0.06513349417114156
impose.v,2,1.0,0.0,1.0,0.0
impose.v,3,1.0,0.0,1.0,0.0
phase.n,2,0.7506121922928213,0.0,-0.0009402079447004129,0.029815860891406414
phase.n,3,0.0037519694656863198,0.0012495389076848547,-0.00030702245414960166,0.012770457953415717
definition.n,2,1.0,0.0,1.0,0.0
definition.n,3,1.0,0.0,1.0,0.0
brush.v,2,1.0,0.0,1.0,0.0
brush.v,3,1.0,0.0,1.0,0.0
go_down.v,2,1.0,0.0,1.0,0.0
go_down.v,3,1.0,0.0,1.0,0.0
preserve.v,2,1.0,0.0,1.0,0.0
preserve.v,3,1.0,0.0,1.0,0.0
trial.n,2,1.0,0.0,1.0,0.0
trial.n,3,1.0,0.0,1.0,0.0
reject.v,2,0.058467605290457934,0.04246858124291596,0.0024895317135312646,0.045472663005791884
reject.v,3,0.016290471825830904,0.041085465575442875,0.0002442855249071327,0.0419427938959696
news.n,2,-0.025331841644288925,0.015345025735919829,0.0004954156245870109,0.04523100232401389
news.n,3,0.002091285403015891,0.018269801498375433,0.00014350735423788953,0.03679218714341004
voice.n,2,0.009786648678188481,0.01470156854538638,-0.0002069816899109683,0.013609561344208926
voice.n,3,0.001997065712141378,0.002263665143305756,0.00011460143185907703,0.008731250413751617
long.a,2,0.46085840943357936,0.02551934753504417,-0.00018987450754337905,0.0067957092124336345
long.a,3,-0.0016545249306808203,0.0008793064318677926,-6.0778262593834575e-05,0.0027775219535207743
cause.n,2,1.0,0.0,1.0,0.0
cause.n,3,1.0,0.0,1.0,0.0
task.n,2,-0.020406821706131537,0.017474464371457485,-0.0013992373377450815,0.04570813678412503
task.n,3,0.013074157626273486,0.019139371735720223,0.00139358879275232,0.04432949483451051
benefit.n,2,-0.0009851192474684156,0.039614212702296606,0.0009832921591843135,0.048960351025412345
benefit.n,3,0.0024457049299530923,0.01163994832224339,-0.0027079577895631115,0.028329065366103325
propose.v,2,-0.014657869027371038,0.007431567064851414,0.002295397116090511,0.03428112551810102
propose.v,3,0.012904288209243444,0.005049065499447968,-0.0018156902941050168,0.025040729754631258
thin.a,2,-0.022275132337594365,0.014086196171347513,0.001354504769549912,0.05777246472873259
thin.a,3,-0.015378109512307251,0.007387641545721625,0.0008986280180437236,0.041547915922228784
combine.v,2,0.016166661577629502,0.062411239372202096,-0.0013413637255077417,0.052581018578222956
combine.v,3,-0.0011289763817255048,0.020759340364113962,-0.0007062852940253094,0.03936809902299192
assumption.n,2,0.0563664297255671,0.08105372564656349,-0.000607229733296563,0.04957229619293866
assumption.n,3,-0.030991722793964088,0.012476255818458244,-0.0022036819465749745,0.04670870361663345
unit.n,2,-0.005978422629198081,0.03849571072052112,0.0029237828174189275,0.06377433137795774
unit.n,3,0.009945966215521662,0.020476388146577047,0.0017855240921724042,0.046015675551593374
circle.n,2,1.0,0.0,1.0,0.0
circle.n,3,1.0,0.0,1.0,0.0
threaten.v,2,0.33445753693580976,0.0826632765505191,4.8378417237529e-05,0.042961989665456606
threaten.v,3,-0.01742088443905029,0.009485529926355818,-0.0013394789980070937,0.03665407694299416
snow.n,2,-0.02828473785327136,0.01965269965380271,0.002290516229391748,0.062120106851105264
snow.n,3,0.02088147547411713,0.04124862956065275,0.0020010311956571015,0.05440170768173782
wrong.a,2,-0.02024980531036912,0.023424488291270987,-8.418347228051238e-05,0.06380603676018118
wrong.a,3,0.003933404388343658,0.03396261054480059,0.0018060103426920475,0.05538941803324799
result.v,2,0.33635573394893326,0.043052329095768734,-0.000782624863997129,0.015532155764336584
result.v,3,-0.004733260554379065,0.004874158218582686,-0.00031670177814984633,0.010689397357419047
foot.n,2,1.0,0.0,-6.35547878850129e-05,0.010159075841696535
foot.n,3,0.11237122566533747,0.05893239436140624,0.0001214882711888698,0.009724024194808554
treatment.n,2,0.3987488456449202,0.15136133005658703,0.0003393150483011854,0.03053099979734947
treatment.n,3,0.009049610254445338,0.010121504051649017,0.0008016735911215288,0.021255729641143067
local.a,2,1.0,0.0,1.0,0.0
local.a,3,1.0,0.0,1.0,0.0
church.n,2,0.32426991738711197,0.05322847636548105,-0.0003470113780072999,0.011414260839466825
church.n,3,0.08306140082871209,0.06642765000040307,4.094791742194896e-05,0.011631076744581947
aspect.n,2,-0.020110373420769555,0.004593937990183261,0.0005553825930892876,0.038249763381066844
aspect.n,3,-0.012085362669510928,0.018287053956943872,-0.0011072345217757315,0.03482288243299895
list.v,2,0.11847003101164433,0.07687983513639997,-0.0003259647822755084,0.03169898327980665
list.v,3,0.004668579172156969,0.01688793241040159,-0.0018196458698918185,0.029916091161614127
grant.v,2,1.0,0.0,1.0,0.0
grant.v,3,1.0,0.0,1.0,0.0
pass_through.v,2,-0.007733350217982968,0.02165312375488324,-0.002768918352656255,0.03988514707144624
pass_through.v,3,-0.011162184831050373,0.01568355670699789,0.00045785630164101563,0.04293816496543202
pattern.n,2,-0.018428160898723765,0.0013451723858561447,-0.0005808524079128587,0.030155539316698905
pattern.n,3,-0.0075127615293124825,0.005368341951594549,0.0005146494458476086,0.011490110108487283
face.v,2,0.15670860792332872,0.005008903208628835,-0.00040254586117362257,0.013593274188322284
face.v,3,0.010309706215085,0.016291280548371225,-4.9149584907643485e-05,0.01430610525192865
discussion.n,2,0.015794834984901772,0.08768585704458048,0.0006022757129185081,0.029373713102049663
discussion.n,3,-0.006870642693400372,0.012411709895560199,-0.0009562941224672459,0.026383330208617634
sign.v,2,0.013061151050498775,0.07290061752333579,-0.0006588822397050444,0.05035865127854623
sign.v,3,-0.012567938607223689,0.0031244688936392638,0.0007919021427009103,0.02806240999351922
dance.v,2,0.0004382694568720745,0.05049127876342929,0.0011238475479114982,0.05047918503056468
dance.v,3,0.021855495524868603,0.015115992684118956,-0.0020011259821853117,0.032625797488981576
prove.v,2,0.37288826652177554,0.04115281925510714,-0.00029627770688607757,0.01421370062249808
prove.v,3,-0.010213452814961211,0.0,0.00015626424119125575,0.005755384948484007
pick_up.v,2,-0.013574666337565365,0.007340058453650008,0.0014643908335247222,0.04100481447001598
pick_up.v,3,0.003788445304908679,0.016433425346194144,-0.0006034035964791958,0.024737091146242767
sing.v,2,0.0009608434285068063,0.009273123654946695,0.00039682615888818616,0.01905629651541336
sing.v,3,-0.0021454273604008946,0.0023363249023390775,0.0002458507126518054,0.01174613470134435
rather.r,2,0.5924719223944036,0.20143269228929683,-0.00014500777177895474,0.013456663295861655
rather.r,3,0.21914908098244207,0.0618448408559089,0.00047818011680796123,0.013850610211304635
poor.s,2,1.0,0.0,1.0,0.0
poor.s,3,1.0,0.0,1.0,0.0
quite.r,2,0.16616432764375513,0.0,-0.0001552815115519351,0.014066180381755665
quite.r,3,-0.004573521828171475,0.0004558614510925696,-4.379727151944958e-05,0.004501111819153712
work.n,2,0.24660805455853585,0.03933118956554193,-9.150971783796888e-05,0.007310282329919723
work.n,3,0.09744483978451532,0.03184754840506223,-0.00012731770805551334,0.007177848385572624
captain.n,2,-0.025290967220699706,0.022184212772095657,0.0005447960516146426,0.05411913195083147
captain.n,3,0.0025274523115294337,0.04965748831258835,-0.0011627870310213409,0.052220991886136006
hero.n,2,1.0,0.0,1.0,0.0
hero.n,3,1.0,0.0,1.0,0.0
roll.v,2,1.0,0.0,1.0,0.0
roll.v,3,1.0,0.0,1.0,0.0
point.v,2,1.0,0.0,1.0,0.0
point.v,3,1.0,0.0,1.0,0.0
establish.v,2,0.11525082628797731,0.03292623710338412,-0.0002627297932153788,0.01272234623142633
establish.v,3,0.02676300171631038,0.01550231153053974,-9.968793625594846e-05,0.012365327224005263
imply.v,2,0.03939797515136486,0.03972250589017529,-0.0013308389110017681,0.045431803170895464
imply.v,3,-0.010041716376858573,0.007615762838377558,0.0008060687141290732,0.028756010943061017
question.v,2,-0.01648190907217883,0.020398336635640744,-0.0011544614033106879,0.05158591541032181
question.v,3,0.0009269026480398216,0.04678250365626079,4.6536050959882835e-05,0.05231457962561974
tone.n,2,-0.032007504451441404,0.006886748516429574,-0.0001846041502609208,0.05355589079687906
tone.n,3,-0.0061085738407131345,0.011152539534365664,-0.0005767836282860559,0.03808997922369956
flow.v,2,1.0,0.0,1.0,0.0
flow.v,3,1.0,0.0,1.0,0.0
final.s,2,0.00048508602527052615,0.02094548285374561,0.0007190415058113515,0.032254796959493105
final.s,3,-0.005075496186816382,0.010454925681365253,0.0006854537586267443,0.028500174407375626
demonstrate.v,2,-0.011484747611739387,0.02303563717056873,0.0004396401154084868,0.03246094811111668
demonstrate.v,3,-0.005008793856035043,0.006966641792714614,-0.0008886133427411987,0.01986359526132856
dream.v,2,1.0,0.0,1.0,0.0
dream.v,3,1.0,0.0,1.0,0.0
earth.n,2,-0.0011610175997172874,0.03806151396910001,-0.003085984685518544,0.043000750555928724
earth.n,3,0.007619567199188026,0.019724625257537282,-0.001558002339931381,0.02782006670087953
carry_out.v,2,0.033288797884706,0.0001252127830204182,-0.0004795635589774436,0.038128628653822404
carry_out.v,3,-0.016142867265438284,0.005687854900494819,0.0011267396207059186,0.027722031776783135
plane.n,2,0.8873419825320744,0.06430944698129352,0.0009329961988923277,0.042048445434346285
plane.n,3,-0.012997540920294261,0.002099219790832413,0.00019147080247790144,0.019788102560925686
policy.n,2,0.2204030921919567,0.0545631535161677,0.0004043956795443623,0.025620835492740447
policy.n,3,-0.007897282560900444,1.734723475976807e-18,-0.00018453409228625346,0.01814337895088239
design.n,2,-0.03592739093158009,0.008998327207766462,0.0002851717406654143,0.05966075262692696
design.n,3,-0.005603239360260755,0.007052155908561272,0.001039866667608164,0.04024679397060766
story.n,2,-0.011442504572260816,0.01422618028929392,0.0001530991896702228,0.03279234713382438
story.n,3,-0.01886940245515305,0.009628034563715202,-0.0009933979257468585,0.015779233977620877
total.s,2,1.0,0.0,1.0,0.0
total.s,3,1.0,0.0,1.0,0.0
control.v,2,0.14645097300909557,0.0912483596899253,0.00033437311763060437,0.030479079217744915
control.v,3,-0.017608370600370727,0.005040865958253585,0.00016332730312780511,0.017102243881070525
increase.v,2,0.13109568445704523,0.03586388807775049,-0.00031512389430837394,0.009346479911195407
increase.v,3,0.025641716860182635,0.027852961905678653,0.00024158923433314917,0.010203338368325423
cloud.n,2,-0.015252444693579616,0.006086785489122042,-0.0011024664913123882,0.03944823191760169
cloud.n,3,0.011719869473105987,0.05007427893021719,0.0003882908238526247,0.04997228879609545
upper.s,2,1.0,0.0,1.0,0.0
upper.s,3,1.0,0.0,1.0,0.0
payment.n,2,0.10310961177462798,0.0,-0.00025186618577522247,0.026496509775128782
payment.n,3,0.014166909425213066,0.0017021980857995689,-0.0006142844843324323,0.010410818121632404
transform.v,2,1.0,0.0,1.0,0.0
transform.v,3,1.0,0.0,1.0,0.0
expose.v,2,1.0,0.0,1.0,0.0
expose.v,3,1.0,0.0,1.0,0.0
pair.n,2,1.0,0.0,1.0,0.0
pair.n,3,1.0,0.0,1.0,0.0
question.n,2,0.08992986629293111,0.04662161990689267,0.0005209306348124713,0.012580561455615778
question.n,3,0.06365630921571562,0.02916579127465109,0.00041548632751583575,0.012890626995757149
conduct.v,2,0.002160513961046914,0.010496072307929495,-1.3930753008333432e-05,0.006435087725336935
conduct.v,3,0.002491193266852715,0.012412250573423041,-0.0004832071210572746,0.009592245694453239
present.a,2,0.9574376057180825,4.440892098500626e-16,-4.944371758289592e-05,0.015537507438168693
present.a,3,0.006060252285646406,0.0050860888515547095,-5.336611651035552e-05,0.005857977109475698
order.v,2,0.6540296518238305,0.09059965093534819,0.002199482317005291,0.041675588440288514
order.v,3,0.006156800237690775,0.020496121723412426,-0.0008936968260673303,0.02549179289390398
loss.n,2,-0.024253997559193757,0.015175560295224124,-0.0023083403515580794,0.04796232571359651
loss.n,3,-0.011457689290139864,0.04076140533860111,0.0022039146374445025,0.05274441573752291
consideration.n,2,0.008299770330415382,0.04016017418299012,0.0013348139446431571,0.05359223183244951
consideration.n,3,-0.025079900468774334,0.001672134079871607,0.0009392869308843099,0.02930718985184089
meaning.n,2,-0.007871554973924087,1.734723475976807e-18,-0.00016072480134051597,0.006162617836510037
meaning.n,3,0.011097626341609256,0.0008340878354287579,-7.586806199128262e-05,0.006397316906028826
university.n,2,0.09466982116515024,0.07701471538838599,-3.6883425878173946e-05,0.04379275168874411
university.n,3,-0.025262604914625918,0.005833241138802373,-0.0032079240150980157,0.033531406732194124
investigate.v,2,-0.016812563979532996,0.012488376203787578,-0.0009743749796144567,0.03400602762529745
investigate.v,3,0.024359278316301348,0.05183790033697137,0.0028487528695774946,0.05104224281051602
work_out.v,2,1.0,0.0,1.0,0.0
work_out.v,3,1.0,0.0,1.0,0.0
technical.a,2,-0.012420956974162924,0.02692417107521083,-0.00024180955316609266,0.04648308595298769
technical.a,3,-0.0056455376461996675,0.026866987623598543,-0.0025827465232056623,0.04563049820336604
store.v,2,-0.01805086017246129,0.021234927121779185,-0.00025956444237709903,0.05463290772253692
store.v,3,-0.01897602716094859,0.017387465136900586,0.0017845235709498695,0.04747905412849756
maturity.n,2,0.018672920323187757,0.05112082296738865,0.0016731216911533865,0.05649865691645859
maturity.n,3,-0.017094753245869433,0.026362190460131156,-0.0003667010330977381,0.05207116621946062
class.n,2,0.048668138897438935,0.07040948149063572,-0.002698005024162746,0.04713691591273975
class.n,3,-0.017548805905248186,0.016665517431849887,-0.0017762127548726653,0.04848875303270019
family.n,2,0.001105083145613813,0.0023987765243762872,-0.0001518132873055215,0.011537515566807032
family.n,3,0.0015398493650581346,0.010213365167217867,0.00011297221696210086,0.01228118457766503
natural.a,2,0.01947572511066361,0.019932565974033138,-0.00015585902376380435,0.03823983574562337
natural.a,3,-0.0013738128113828852,0.016418179819863266,0.0010880353156837897,0.029522713890286423
introduce.v,2,1.0,0.0,1.0,0.0
introduce.v,3,1.0,0.0,1.0,0.0
share.v,2,0.1823768741738816,0.051364196865666206,0.0005872737023704842,0.026505322429280418
share.v,3,-0.011932791493263959,0.0010228638151287557,-0.00033601293164420103,0.008976722933084042
destroy.v,2,-0.0009887139640628385,0.008318044611483572,-7.245886946922687e-05,0.020151508525117365
destroy.v,3,0.027928615425600954,0.013320479382826256,0.0005109648945854577,0.012710301935573534
development.n,2,0.29038575227985836,0.04454755582926186,-0.0001385221632001361,0.014778567081641726
development.n,3,-0.0011344889169823107,0.002441473300054634,0.000550527029824588,0.008869500868367446
apart.r,2,1.0,0.0,1.0,0.0
apart.r,3,1.0,0.0,1.0,0.0
please.v,2,1.0,0.0,1.0,0.0
please.v,3,1.0,0.0,1.0,0.0
faith.n,2,1.0,0.0,1.0,0.0
faith.n,3,1.0,0.0,1.0,0.0
ear.n,2,1.0,0.0,1.0,0.0
ear.n,3,1.0,0.0,1.0,0.0
extension.n,2,1.0,0.0,1.0,0.0
extension.n,3,1.0,0.0,1.0,0.0
score.v,2,-0.00937958938642719,0.024224686704473506,-0.002834658837483931,0.044956216273033194
score.v,3,-0.014901520857908128,0.03128592466789288,-0.0019200960418440925,0.04459980429286478
subject.n,2,0.6000061065508605,0.06468599697522368,-0.0014791844923033178,0.033717100242896016
subject.n,3,0.012155739513598099,0.015186505592003085,-0.0009645586262915238,0.019648951254907277
belief.n,2,1.0,0.0,1.0,0.0
belief.n,3,1.0,0.0,1.0,0.0
become.v,2,-0.0007048373322142796,0.0010853250090030427,0.0001426497356088113,0.0029542567131047004
become.v,3,0.0027640281344074057,0.007671860537466936,4.29330383544009e-05,0.0029683062505789144
memory.n,2,0.13866096497069066,0.1218855287239575,0.0007366434431239215,0.04309818489901852
memory.n,3,0.028247265998984163,0.012417080662389614,-0.0006978592477528733,0.02145114173611303
ride.v,2,0.07222209201742828,0.05774628394833827,-0.00029100955392877194,0.017399626582681918
ride.v,3,-0.01280092199385765,0.01315631643909839,0.000594752986924676,0.009871426674127815
run.v,2,0.8272073935543657,0.18739730847580133,0.00031143531022412866,0.013042369145837703
run.v,3,0.03768332527884098,0.027169452313716362,0.00017064450196806048,0.013614572447373203
limit.v,2,1.0,0.0,1.0,0.0
limit.v,3,1.0,0.0,1.0,0.0
character.n,2,0.4936046665598517,0.09478759475883142,-0.0007287566979415613,0.03590749624429507
character.n,3,0.0113169403342106,0.009045410778130111,0.0005172604114341719,0.02720600270570736
extent.n,2,-0.017627170006231818,0.0039029503528070194,0.0003251657482049378,0.037744146526382
extent.n,3,-0.017881025694165692,0.015243275609762475,-0.00014104783354432798,0.037595028850761936
survive.v,2,1.0,0.0,1.0,0.0
survive.v,3,1.0,0.0,1.0,0.0
justify.v,2,1.0,0.0,1.0,0.0
justify.v,3,1.0,0.0,1.0,0.0
little.a,2,0.8855739230273462,2.220446049250313e-16,9.086596516213108e-05,0.008135263109490918
little.a,3,-0.006085403800397328,0.007795431729331607,0.00011627619896990094,0.003523970632086062
activity.n,2,0.4875455640518759,0.07911750795761796,-0.0009139863148312533,0.014538868280700293
activity.n,3,0.11714729416581235,0.03595009237941145,-0.00045024514663370073,0.014877416182730351
amount.n,2,0.5501301273146915,0.04684799956852395,-0.0003438386839729459,0.013807824172078856
amount.n,3,0.05381590490350463,0.04653282821896685,-0.00031797998682784446,0.013545469763169489
away.r,2,-0.029700195806901072,1.3877787807814457e-17,1.8204973937407553e-05,0.005927142676658716
away.r,3,-0.002276384923154322,0.025424151942478747,-0.00040773780882878474,0.00951152373073321
inside.r,2,-0.01630381992379224,0.017270759677854648,-0.002362399647312528,0.0433857981433662
inside.r,3,0.011933191270815142,0.01847233858680448,-0.0009022616674032214,0.02944772160369469
look.n,2,-0.0231485680833417,0.007535906562162202,0.00027523694746063365,0.03490229859688982
look.n,3,-0.010438812300846374,0.023757268903100256,-0.0011824379827209994,0.04338121565250122
land.n,2,0.10579395168574059,0.09552272041777782,0.002232987016489021,0.036716977540128065
land.n,3,0.01623497530821253,0.05170162694285623,-0.001199897021670289,0.03358079251834652
stretch.v,2,1.0,0.0,1.0,0.0
stretch.v,3,1.0,0.0,1.0,0.0
failure.n,2,1.0,0.0,1.0,0.0
failure.n,3,1.0,0.0,1.0,0.0
club.n,2,1.0,0.0,1.0,0.0
club.n,3,1.0,0.0,1.0,0.0
read.v,2,0.2592377720640432,0.008007919432686228,-2.881994518513936e-05,0.009729056609889163
read.v,3,0.018493495974884037,0.014440322740735154,-8.166137712397326e-05,0.009808534682892047
sale.n,2,0.22854497321147815,0.11964269780534727,0.0008983533505707991,0.03224510629039814
sale.n,3,-0.026484258761763576,0.015465304568671763,-0.0004303608823439091,0.018954411128728497
cell.n,2,0.35381808972802975,1.1102230246251565e-16,-0.0006424704258877663,0.011238339311946047
cell.n,3,0.03460343525756005,0.03292108828363906,0.0001406512479001249,0.011865416215734727
enjoy.v,2,0.1671395174354161,0.05175584886040084,-0.0006703137091925173,0.021591294624700576
enjoy.v,3,-0.028054825077658854,0.02249220354898113,0.0003916436946890458,0.010723045087839285
shift.v,2,1.0,0.0,1.0,0.0
shift.v,3,1.0,0.0,1.0,0.0
win.v,2,-0.0038400767127479783,0.0012012623117765824,0.0007035370260364273,0.01504225508692315
win.v,3,0.03652761135733026,0.05055824014882249,0.00016018663872504487,0.01263987891330792
vary.v,2,0.023855644317984783,0.021778792456062675,0.0008600625298855708,0.03120802743806784
vary.v,3,-0.008531341166981225,0.008857942901204924,7.1997287504148574e-06,0.021332600435947584
first.r,2,0.9138157431190309,1.1102230246251565e-16,0.0005964562762519508,0.015826096197209802
first.r,3,-0.015541370266424683,0.008331690861569431,0.0002392484449551273,0.008366743950251965
requirement.n,2,0.13566289555011746,0.041825320655110354,-0.0003911480724152049,0.02900103837390677
requirement.n,3,0.023234328294528907,0.01756560029075132,0.0005285335165638954,0.03012974753447266
prevent.v,2,0.08734207714093585,0.015126556367690256,-0.0008059267572049205,0.01331336651195729
prevent.v,3,0.006117690169559865,0.01569193021379815,-0.00031463863541115805,0.014249865626301688
act.v,2,-0.0017008033406507319,0.01038289120436104,0.0007010816288792956,0.030904954964968714
act.v,3,-0.011855093478757605,0.00790511965382095,-2.7626717477188006e-05,0.01938067855739759
remind.v,2,0.019497007210698636,0.0530435105149006,-0.00015846413102462554,0.03925457732528394
remind.v,3,-0.01602396074497697,0.034031290190008716,-0.0021178476372722384,0.037013193274541493
previous.s,2,1.0,0.0,1.0,0.0
previous.s,3,1.0,0.0,1.0,0.0
directly.r,2,0.2142862402795861,0.09649380424298772,0.0001064337058379734,0.043156791369171194
directly.r,3,-0.02453826150361487,0.016014554355187113,0.000740784234420233,0.040429678746507755
miss.v,2,-0.005056395224477736,0.03774059972346866,-0.0024333565123345648,0.045331553484438444
miss.v,3,-0.01648133353227452,0.009176989457873845,0.0021888053157581347,0.04486340971410668
curve.n,2,1.0,0.0,1.0,0.0
curve.n,3,1.0,0.0,1.0,0.0
appreciate.v,2,1.0,0.0,1.0,0.0
appreciate.v,3,1.0,0.0,1.0,0.0
slide.v,2,1.0,0.0,1.0,0.0
slide.v,3,1.0,0.0,1.0,0.0
head.v,2,1.0,0.0,0.0016978847508664404,0.031668775655169235
head.v,3,0.023320040451056713,0.05310227303546404,-0.0008411384854683943,0.027615351955678196
little.s,2,1.0,0.0,1.0,0.0
little.s,3,1.0,0.0,1.0,0.0
message.n,2,-0.00568908429052898,0.038788437072169904,-0.0012219386923579465,0.04870372577137964
message.n,3,0.04452809371972199,0.012309124492836429,0.0016474186924496346,0.02708353185377837
require.v,2,0.10390514506910932,4.163336342344337e-17,9.398256992395789e-05,0.00867328623843012
require.v,3,0.005873284101036513,0.009164486329342131,-0.00021648755687817258,0.008141730781831395
measurement.n,2,1.0,0.0,1.0,0.0
measurement.n,3,1.0,0.0,1.0,0.0
